[
  {
    "id": "1",
    "name_uz": "Qoraqalpog'iston Respublikasi"
  },
  {
    "id": "2",
    "name_uz": "Andijon viloyati"
  },
  {
    "id": "3",
    "name_uz": "Buxoro viloyati"
  },
  {
    "id": "4",
    "name_uz": "Jizzax viloyati"
  },
  {
    "id": "5",
    "name_uz": "Qashqadaryo viloyati"
  },
  {
    "id": "6",
    "name_uz": "Navoiy viloyati"
  },
  {
    "id": "7",
    "name_uz": "Namangan viloyati"
  },
  {
    "id": "8",
    "name_uz": "Samarqand viloyati"
  },
  {
    "id": "9",
    "name_uz": "Surxandaryo viloyati"
  },
  {
    "id": "10",
    "name_uz": "Sirdaryo viloyati"
  },
  {
    "id": "11",
    "name_uz": "Toshkent viloyati"
  },
  {
    "id": "12",
    "name_uz": "Farg'ona viloyati"
  },
  {
    "id": "13",
    "name_uz": "Xorazm viloyati"
  },
  {
    "id": "14",
    "name_uz": "Toshkent shahri"
  }
]